,book:ID,author:string[],author-bibtex:string,author-orcid:string[],booktitle:string,cdrom:string,cite:string[],cite-label:string[],crossref:string,editor:string[],editor-orcid:string[],ee:string[],ee-type:string[],i:string[],isbn:string[],isbn-type:string[],key:string,mdate:date,month:string,note:string,note-type:string,pages:string[],publisher:string,publisher-href:string,publtype:string,school:string[],series:string,series-href:string,sub:string,sup:string[],title:string,url:string,volume:string,year:int
48,"5729,2861610,Thierry Scheurer,,,,,,,,,,,,,978-0-201-54429-9,,books/daglib/0080563,2011-04-29,,,,""I-XXIV, 1-668"",Addison-Wesley,,,,,,,,Foundations of computing - system development with set theory and logic.,,,1994",,,,,,,,,,,,,,,,,,,,,,,,,,,,,,,,,
1283,"4203,2859896,Georges Comte|Yosef Yomdin,,,,,,,,,,https://doi.org/10.1007/b94624,,,978-3-540-20612-5,,books/daglib/0035159,2017-05-16,,,,""I-VIII, 1-186"",Springer,,,,Lecture notes in mathematics,,,,Tame Geometry with Application in Smooth Analysis.,,1834,2004",,,,,,,,,,,,,,,,,,,,,,,,,,,,,,,,,
1163,"15663,2880605,David A. Landgrebe,,,,,,,,,,https://doi.org/10.1002/0471723800,,,978-0-47142028-6|978-0-47172380-6,,books/wi/Landgrebe03,2019-07-23,,,,1-508,Wiley,,,,,,,,Signal Theory Methods in Multispectral Remote Sensing,,,2003",,,,,,,,,,,,,,,,,,,,,,,,,,,,,,,,,
941,"13031,2872722,Edward R. Griffor|Ingrid Lindström|Viggo Stoltenberg-Hansen,,,,,,,,,,,,,978-0-521-38344-8,,books/daglib/0069086,2019-07-18,,,,""I-XII, 1-349"",Cambridge University Press,,,,Cambridge tracts in theoretical computer science,,,,Mathematical theory of domains.,,22,1994",,,,,,,,,,,,,,,,,,,,,,,,,,,,,,,,,
309,"11121,2867681,Friedrich Roithmayr|Lutz J. Heinrich,,,,,,,,,,,,,978-3-486-25943-8,,books/daglib/0016793,2011-02-08,,,,1-325,Oldenbourg,,,,,,,,""Wirtschaftsinformatik-Wörterbuch - Deutsch-Englisch, Englisch-Deutsch (4. Aufl.)."",,,2002",,,,,,,,,,,,,,,,,,,,,,,,,,,,,,,,,
634,"4252,2859948,John R. Freer,,,,,,,,,,,,,978-0-7803-1179-4,,books/daglib/0084248,2011-04-26,,,,""I-V, 1-394"",IEEE,,,,,,,,Computer communications and networks (2. ed.).,,,1996",,,,,,,,,,,,,,,,,,,,,,,,,,,,,,,,,
385,"18160,2894367,Hajo A. Reijers|Jan Mendling|Marcello La Rosa|Marlon Dumas,,,,,,,,,,https://doi.org/10.1007/978-3-662-56509-4,,,978-3-662-56508-7,,books/sp/DumasRMR18,2018-03-29,,,,1-527,Springer,,,,,,,,""Fundamentals of Business Process Management, Second Edition"",,,2018",,,,,,,,,,,,,,,,,,,,,,,,,,,,,,,,,
1586,"9336,2865673,Andy Lowry|Arthur P. Goldberg|Daniel M. Yellin|David F. Bacon|Robert E. Strom|Shaula Yemini,,,,,,,,,,http://dl.acm.org/citation.cfm?id=SERIES10095.116433,,,978-0-13-389537-7,,books/daglib/0067191,2011-08-30,,,,""I-XVIII, 1-288"",Prentice Hall,,,,Prentice Hall series in innovative technology,,,,Hermes - a language for distributed computing.,,,1991",,,,,,,,,,,,,,,,,,,,,,,,,,,,,,,,,
1610,"6617,2862602,Patricia Johann|Rolf Socher-Ambrosius,,,,,,,,,,https://doi.org/10.1007/978-1-4612-2266-8,,,978-0-387-94847-8|978-1-4612-2266-8|978-1-4612-7479-7,,books/daglib/0085871,2017-05-16,,,,""I-XII, 1-206"",Springer,,,,Graduate Texts in Computer Science,db/series/txcs/index.html,,,Deduction systems.,,,1997",,,,,,,,,,,,,,,,,,,,,,,,,,,,,,,,,
1595,"6856,2862858,Cornelis Joost van Rijsbergen,,,,,,,,,,,,,978-0-521-83805-4,,books/daglib/0011947,2011-04-12,,,,""I-XII, 1-150"",Cambridge University Press,,,,,,,,The geometry of information retrieval.,,,2004",,,,,,,,,,,,,,,,,,,,,,,,,,,,,,,,,
1317,"15554,2879918,Dumitru Potop-Butucaru,,,,,,,,,,https://tel.archives-ouvertes.fr/tel-01264021,,,,,books/hal/PotopButucaru15,2017-09-30,,,,,,,habil,""Pierre and Marie Curie University, France"",,,,,Real-Time Systems Compilation. (Compilation de systèmes temps réel).,,,2015",,,,,,,,,,,,,,,,,,,,,,,,,,,,,,,,,
400,"16163,2882371,Maarten de Rijke|Patrick Blackburn|Yde Venema,,0000-0002-1086-0202,,,,,,,,https://doi.org/10.1017/CBO9781107050884|https://www.wikidata.org/entity/Q57397171,,,978-1-10705088-4,,books/cu/BlackburnRV01,2019-09-16,,,,1-554,Cambridge University Press,,,,Cambridge Tracts in Theoretical Computer Science,,,,Modal Logic,,53,2001",,,,,,,,,,,,,,,,,,,,,,,,,,,,,,,,,
650,"14101,2878360,Ralf Küsters|Thomas Wilke,,,,,,,,,,,,,978-3-519-00509-4,,books/vi/Kusters2011,2012-01-04,,,,,Vieweg + Teubner,,,,,,,,Moderne Kryptographie - Eine Einführung.,,,2011",,,,,,,,,,,,,,,,,,,,,,,,,,,,,,,,,
757,"4171,2859555,,,,Anatomy Ontologies for Bioinformatics,,,,,Albert Burger|Duncan Davidson|Richard A. Baldock,,https://doi.org/10.1007/978-1-84628-885-2,,,978-1-84628-884-5|978-1-84628-885-2,,series/cb/6,2019-06-13,,,,,Springer,,,,Computational Biology,db/series/cb/index.html,,,""Anatomy Ontologies for Bioinformatics, Principles and Practice"",db/series/cb/cb6.html,6,2008",,,,,,,,,,,,,,,,,,,,,,,,,,,,,,,,,
1885,"15693,2880761,Abraham Silberschatz|Greg Gagne|Peter Galvin,,,,,,,,,,http://www.bell-labs.com/topic/books/os-book/,,,0-471-41743-2,,books/wi/SilberschatzGG02,2019-07-10,,,,,John Wiley,,,,,,,,""Operating System Concepts, Sixth Edition"",,,2002",,,,,,,,,,,,,,,,,,,,,,,,,,,,,,,,,
801,"11495,2868101,Hans Langmaack|Peter Kandzia,,,,,,,,,,,,,978-3-519-02321-0,,books/daglib/0032208,2013-11-08,,,,1-234,Teubner,,,,Teubner Studienbücher: Informatik,,,,Informatik - Programmierung.,,,1973",,,,,,,,,,,,,,,,,,,,,,,,,,,,,,,,,
1574,"115,2839926,Chris Aldrich|Lidia Auret,,,,,,,,,,https://doi.org/10.1007/978-1-4471-5185-2,,,978-1-4471-5184-5|978-1-4471-5185-2,,series/acvpr/978-1-4471-5185-2,2017-05-16,,,,,Springer,,,,Advances in Computer Vision and Pattern Recognition,db/series/acvpr/index.html,,,Unsupervised Process Monitoring and Fault Diagnosis with Machine Learning Methods,,,2013",,,,,,,,,,,,,,,,,,,,,,,,,,,,,,,,,
1333,"84,17903,,,,Handbook on Data Centers,,,,,Albert Y. Zomaya|Samee U. Khan,0000-0002-3090-1059,https://doi.org/10.1007/978-1-4939-2092-1,,,978-1-4939-2091-4,,reference/sp/2015dc,2017-09-16,,,,,Springer,,,,,,,,Handbook on Data Centers,db/reference/sp/dc2015.html,,2015",,,,,,,,,,,,,,,,,,,,,,,,,,,,,,,,,
708,"12519,2872150,Barbara M. Chapman|Gabriele Jost|Ruud van der Pas,,,,,,,,,,,,,978-0-262-53302-7,,books/daglib/0019508,2019-07-09,,,,""I-XXII, 1-353"",MIT Press,,,,Scientific and engineering computation,,,,Using OpenMP - portable shared memory parallel programming.,,,2008",,,,,,,,,,,,,,,,,,,,,,,,,,,,,,,,,
904,"3064,2853496,Peng Lin 0003|Qian Zhang 0001|Xiaojun Feng,,,,,,,,,,https://doi.org/10.1007/978-3-319-06799-5,,,978-3-319-06798-8|978-3-319-06799-5,,series/sbcs/LinFZ14,2018-08-27,,,,1-77,Springer,,,,Springer Briefs in Computer Science,db/series/sbcs/index.html,,,Auction Design for the Wireless Spectrum Market,,,2014",,,,,,,,,,,,,,,,,,,,,,,,,,,,,,,,,
462,"13860,2876377,C. J. van Rijsbergen,,,,,,,,,,,,,0-408-70929-4,,books/bu/Rijsbergen79,2002-01-03,,,,,Butterworth,,,,,,,,Information Retrieval.,,,1979",,,,,,,,,,,,,,,,,,,,,,,,,,,,,,,,,
297,"12297,2871897,Sabine Schöchle,,,,,,,,,,,,,978-3-89394-104-9,,books/daglib/0095569,2011-03-25,,,,""I-XXII, 1-394"",Hoppenstedt & Wolff,,,,,,,,Kartengebundene Zahlungssysteme in Deutschland (4. Aufl.).,,,1993",,,,,,,,,,,,,,,,,,,,,,,,,,,,,,,,,
120,"13227,2872940,Dimitri D. Vvedensky,,,,,,,,,,,,,978-0-201-54409-1,,books/daglib/0081803,2011-04-29,,,,""I-XI, 1-465"",Addison-Wesley,,,,Physics series,,,,Partial differential equations - with Mathematica.,,,1993",,,,,,,,,,,,,,,,,,,,,,,,,,,,,,,,,
418,"7150,2863193,Johannes Jahn,,,,,,,,,,,,,978-3-540-20615-6,,books/daglib/0016914,2011-04-14,,,,""I-XIII, 1-465"",Springer,,,,,,,,""Vector optimization - theory, applications, and extensions."",,,2004",,,,,,,,,,,,,,,,,,,,,,,,,,,,,,,,,
1639,"10414,2866889,Clifford B. Jones,,,,,,,,,,,,,978-0-13-880733-7,,books/daglib/0067105,2011-04-07,,,,""I-XIV, 1-333"",Prentice Hall,,,,Prentice Hall International Series in Computer Science,,,,Systematic software development using VDM (2. ed.).,,,1991",,,,,,,,,,,,,,,,,,,,,,,,,,,,,,,,,
1724,"10149,2866579,Anthony Skjellum|Ewing L. Lusk|William D. Gropp,,,,,,,,,,,,,,,books/daglib/0018266,2011-03-21,,,,""I-XX, 1-367"",Oldenbourg,,,,,,,,MPI - eine Einführung: portable parallele Programmierung mit dem Message-Passing Interface.,,,2007",,,,,,,,,,,,,,,,,,,,,,,,,,,,,,,,,
366,"1183,2849176,,,,,,,,,Christian Müller-Tomfelde,,https://doi.org/10.1007/978-1-84996-113-4,,,978-1-84996-112-7,,series/hci/MullerT10,2017-05-16,,,,,Springer,,,,Human-Computer Interaction Series,db/series/hci/index.html,,,Tabletops - Horizontal Interactive Displays,db/series/hci/MullerT10.html,,2010",,,,,,,,,,,,,,,,,,,,,,,,,,,,,,,,,
1068,"9751,2866125,Brian D. Ripley,,,,,,,,,,https://doi.org/10.1017/CBO9780511812651,,,978-0-521-46086-6|9780511812651,,books/daglib/0082591,2019-07-10,,,,""I-VII, 1-403"",Cambridge University Press,,,,,,,,Pattern Recognition and Neural Networks.,,,1996",,,,,,,,,,,,,,,,,,,,,,,,,,,,,,,,,
1549,"14589,2878953,Anne Siegel,,,,,,,,,,https://tel.archives-ouvertes.fr/tel-00358996,,,,,books/hal/Siegel08,2017-09-28,,,,,,,habil,""University of Rennes 1, France"",,,,,Analyse de systèmes dynamiques par discrétisation. Exemples d'applications en théorie des nombres et en biologie moléculaire. (Analyzing dynamical system with discrete approaches. Application in number theory and molecular biology).,,,2008",,,,,,,,,,,,,,,,,,,,,,,,,,,,,,,,,
823,"18407,2895072,Lukasz Kaiser,,,,,,,,,,https://d-nb.info/101314595X|https://doi.org/10.1007/978-3-642-22807-0,,,978-3-642-22806-3,,books/sp/Kaiser2011,2021-07-17,,,,1-118,Springer,,,,Lecture Notes in Computer Science,db/series/lncs/index.html,,,Logic and Games on Automatic Structures - Playing with Quantifiers and Decompositions,,6810,2011",,,,,,,,,,,,,,,,,,,,,,,,,,,,,,,,,
683,"4120,2859342,Chuan Shi|Philip S. Yu|Xiao Wang,,,,,,,,,,https://doi.org/10.1007/978-981-16-6166-2,,,978-981-16-6165-5,,series/aifta/ShiWY22,2022-02-01,,,,1-318,Springer,,,,""Artificial Intelligence: Foundations, Theory, and Algorithms"",db/series/aifta/index.html,,,Heterogeneous Graph Representation Learning and Applications,,,2022",,,,,,,,,,,,,,,,,,,,,,,,,,,,,,,,,
1194,"9429,2865774,Mary E. S. Morris,,,,,,,,,,,,,978-3-88229-061-5,,books/daglib/0082363,2011-04-28,,,,1-278,Heise,,,,,,,,HTML - WWW effektiv nutzen.,,,1995",,,,,,,,,,,,,,,,,,,,,,,,,,,,,,,,,
1285,"8571,2864821,Edwin Duerr|Gerald Albaum|Jesper Strandskov,,,,,,,,,,,,,978-3-8273-7006-8,,books/daglib/0004616,2011-04-12,,,,1-678,Pearson Studium,,,,,,,,Internationales Marketing und Exportmanagement (3. Aufl.).,,,2001",,,,,,,,,,,,,,,,,,,,,,,,,,,,,,,,,
669,"7231,2863283,Ivo Cathomen|Rainer Alt,,,,,,,,,,,,,978-3-528-05498-4,,books/daglib/0079710,2011-04-27,,,,""I-XI, 1-518"",Vieweg,,,,Wirtschaftsinformatik / Business Computing,,,,Handbuch Interorganisationssysteme - Anwendungen für die Waren- und Finanzlogistik.,,,1995",,,,,,,,,,,,,,,,,,,,,,,,,,,,,,,,,
1511,"10430,2866907,David L. Woodruff|Stefan Voß,,0000-0003-1296-4221,,,,,,,,https://doi.org/10.1007/3-540-29879-7,,,978-3-540-29878-6,,books/daglib/0020357,2017-05-29,,,,""I-XII, 1-257"",Springer,,,,,,,,Introduction to computational optimization models for production planning in a supply chain (2. ed.).,,,2006",,,,,,,,,,,,,,,,,,,,,,,,,,,,,,,,,
553,"10258,2866709,Marcos Cesar Danhoni Neves,,,,,,,,,,,,,978-8-576-28591-5,,books/daglib/0036080,2015-07-14,,,,1-40,Editora da Universidade Estadual de Maringa,,,,,,,,""O mago que veio do ceu, Second Edition."",,,2014",,,,,,,,,,,,,,,,,,,,,,,,,,,,,,,,,
367,"16382,2885647,,,,,,,,,Tetsuya Higuchi|Xin Yao 0001|Yong Liu 0012,,https://doi.org/10.1007/0-387-31238-2,,,978-0-387-24386-3,,books/sp/06/HLY2006,2019-07-15,,,,,Springer,,,,Genetic and Evolutionary Computation,,,,Evolvable Hardware,db/books/collections/HLY2006.html,,2006",,,,,,,,,,,,,,,,,,,,,,,,,,,,,,,,,
1697,"217,2840806,,,,,,,,,Ciprian Dobre|Constandinos X. Mavromoustakis|Ivan Ganchev|Nuno M. Garcia|Rossitza Goleva,,https://doi.org/10.1007/978-3-030-10752-9,oa,,978-3-030-10751-2|978-3-030-10752-9,,series/lncs/11369,2020-01-31,,,,,Springer,,,,Lecture Notes in Computer Science,db/series/lncs/index.html,,,""Enhanced Living Environments - Algorithms, Architectures, Platforms, and Systems"",db/series/lncs/lncs11369.html,11369,2019",,,,,,,,,,,,,,,,,,,,,,,,,,,,,,,,,
223,"10713,2867225,Georg Erwin Thaller,,,,,,,,,,,,,978-3-528-05287-4,,books/daglib/0070766,2011-04-28,,,,""I-VIII, 1-417"",Vieweg,,,,Zielorientiertes Software Development,,,,""Qualitätsoptimierung der Software-Entwicklung - das Capacibility Maturity Model, CMM."",,,1993",,,,,,,,,,,,,,,,,,,,,,,,,,,,,,,,,
1535,"3095,2853527,Chakravarthy Bhagvati|Ilaiah Kavati|Munaga V. N. K. Prasad,,,,,,,,,,https://doi.org/10.1007/978-3-319-57660-2,,,978-3-319-57659-6,,series/sbcs/KavatiPB17,2017-05-10,,,,1-67,Springer,,,,Springer Briefs in Computer Science,db/series/sbcs/index.html,,,Efficient Biometric Indexing and Retrieval Techniques for Large-Scale Systems,,,2017",,,,,,,,,,,,,,,,,,,,,,,,,,,,,,,,,
1667,"14803,2879167,Armelle Brun,,,,,,,,,,https://tel.archives-ouvertes.fr/tel-01832540,,,,,books/hal/Brun18,2019-01-10,,,,,,,habil,""University of Lorraine, Nancy, France"",,,,,Sur les traces du futur : entre comprendre et predire.,,,2018",,,,,,,,,,,,,,,,,,,,,,,,,,,,,,,,,
660,"3015,2853446,Azizur Rahim|Feng Xia 0001,,,,,,,,,,https://doi.org/10.1007/978-3-662-46361-1,,,978-3-662-46360-4|978-3-662-46361-1,,series/sbcs/XiaR15,2018-09-28,,,,1-89,Springer,,,,Springer Briefs in Computer Science,db/series/sbcs/index.html,,,MAC Protocols for Cyber-Physical Systems,,,2015",,,,,,,,,,,,,,,,,,,,,,,,,,,,,,,,,
442,"12502,2872133,Bonnie Biafore,,,,,,,,,,http://www.oreilly.de/catalog/onlineinvesthks/index.html,,,978-0-596-00677-8,,books/daglib/0011232,2011-04-07,,,,""I-XVIII, 1-483"",O'Reilly,,,,,,,,Online investing hacks - 100 industrial-strength tips and tools.,,,2004",,,,,,,,,,,,,,,,,,,,,,,,,,,,,,,,,
137,"2385,2850823,Penny Probert Smith,,,,,,,,,,https://doi.org/10.1142/4752,,,978-981-02-4681-5|978-981-4490-65-8,,series/wssris/Smith01,2017-05-16,,,,1-336,World Scientific,,,,World Scientific Series in Robotics and Intelligent Systems,db/series/wssris/index.html,,,Active Sensors for Local Planning in Mobile Robotics,,26,2001",,,,,,,,,,,,,,,,,,,,,,,,,,,,,,,,,
510,"3471,2854975,Ajith Abraham|Anand J. Kulkarni|Dipti Kapoor Sarmah,,0000-0001-6242-9492,,,,,,,,https://doi.org/10.1007/978-3-030-42044-4,,,978-3-030-42043-7,,series/isrl/2020-187,2020-09-05,,,,1-166,Springer,,,,Intelligent Systems Reference Library,db/series/isrl/index.html,,,Optimization Models in Steganography Using Metaheuristics,,187,2020",,,,,,,,,,,,,,,,,,,,,,,,,,,,,,,,,
1438,"7962,2864129,Colette Rolland|Henk G. Sol|Ian G. MacDonald|Jacques Hagelstein|T. William Olle,,,,,,,,,,,,,978-0-201-54443-5,,books/daglib/0066753,2011-08-29,,,,""I-IX, 1-401"",Addison-Wesley,,,,,,,,Information systems methodologies - a framework for understanding (2. ed.).,,,1991",,,,,,,,,,,,,,,,,,,,,,,,,,,,,,,,,
1453,"14491,2878855,Philippe Weber,,,,,,,,,,https://tel.archives-ouvertes.fr/tel-01245100,,,,,books/hal/Weber15,2017-09-30,,,,,,,habil,""University of Lorraine, Nancy, France"",,,,,""Modélisation graphique probabiliste pour la maîtrise des risques, la fiabilité et la synthèse de lois de commande des systèmes complexes."",,,2015",,,,,,,,,,,,,,,,,,,,,,,,,,,,,,,,,
1622,"13443,2874119,,,,Strategic Advancements in Utilizing Data Mining and Warehousing Technologies,,,,,David Taniar|Laura Irina Rusu,,https://doi.org/10.4018/978-1-60566-717-1,,,9781605667171,,books/igi/Taniar2010,2017-05-16,,,,,IGI Global,,,,,,,,Strategic Advancements in Utilizing Data Mining and Warehousing Technologies: New Concepts and Developments,db/books/collections/Taniar2010.html,,2010",,,,,,,,,,,,,,,,,,,,,,,,,,,,,,,,,
1374,"8259,2864468,Marvin E. Frerking,,,,,,,,,,,,,978-0-442-01616-6,,books/daglib/0079765,2011-04-29,,,,""I-XVI, 1-624"",Van Nostrand Reinhold,,,,,,,,Digital signal processing in communication systems.,,,1994",,,,,,,,,,,,,,,,,,,,,,,,,,,,,,,,,
1637,"335,2841826,Nitin Indurkhya|Sholom M. Weiss|Tong Zhang 0001,,,,,,,,,,https://doi.org/10.1007/978-1-84996-226-1,,,978-1-84996-225-4|978-1-84996-226-1,,series/txcs/WeissIZ10,2017-05-16,,,,""I-XII, 1-226"",Springer,,,,Texts in Computer Science,db/series/txcs/index.html,,,Fundamentals of Predictive Text Mining.,,41,2010",,,,,,,,,,,,,,,,,,,,,,,,,,,,,,,,,
1141,"4698,2860456,Pierre Weis|Xavier Leroy,,,,,,,,,,,,,978-2-7296-0493-6,,books/daglib/0072363,2011-04-29,,,,""I-XIII, 1-407"",InterEditions,,,,,,,,Le langage Caml.,,,1993",,,,,,,,,,,,,,,,,,,,,,,,,,,,,,,,,
674,"6762,2862759,Bill MacCarty,,,,,,,,,,http://www.oreilly.de/catalog/selinux/index.html,,,978-0-596-00716-4,,books/daglib/0011979,2011-02-06,,,,""I-XIII, 1-238"",O'Reilly,,,,,,,,SELinux - NSA's open source security enhanced linux: beating the o-day vulnerability threat.,,,2005",,,,,,,,,,,,,,,,,,,,,,,,,,,,,,,,,
815,"32,6041,,,,,,,,,Teofilo F. Gonzalez,,https://doi.org/10.1201/9781420010749,,,978-1-4200-1074-9|978-1-58488-550-4,,reference/crc/2007aam,2017-05-16,,,,,Chapman and Hall/CRC,,,,,,,,Handbook of Approximation Algorithms and Metaheuristics.,db/reference/crc/aam2007.html,,2007",,,,,,,,,,,,,,,,,,,,,,,,,,,,,,,,,
102,"5229,2861050,Joseph M. Kizza,,,,,,,,,,https://doi.org/10.1007/978-1-4471-4543-1,,,978-1-4471-4542-4,,books/daglib/0031127,2017-05-16,,,,""I-XXIV, 1-521"",Springer,,,,Computer Communications and Networks,db/series/ccn/index.html,,,""Guide to Computer Network Security, Second Edition."",,,2013",,,,,,,,,,,,,,,,,,,,,,,,,,,,,,,,,
1498,"5705,2861582,Mario Dal Cin,,,,,,,,,,,,,978-3-519-02352-4,,books/daglib/0067578,2019-06-28,,,,1-206,Teubner,,,,Leitfäden der angewandten Mathematik und Mechanik,,,,""Fehlertolerante Systeme - Modelle der Zuverlässigkeit, Verfügbarkeit, Diagnose und Erneuerung."",,50,1979",,,,,,,,,,,,,,,,,,,,,,,,,,,,,,,,,
1198,"17019,2889066,Michael Leyton,,,,,,,,,,https://doi.org/10.1007/3-540-45488-8,,,3-540-42717-1,,books/sp/Leyton01,2019-05-14,,,,,Springer,,,,Lecture Notes in Computer Science,db/series/lncs/index.html,,,""A Generative Theory of Shape, Questioning Klein's Erlanger Program"",,2145,2001",,,,,,,,,,,,,,,,,,,,,,,,,,,,,,,,,
47,"2552,2851646,David A. Papa|Igor L. Markov,,,,,,,,,,https://doi.org/10.1007/978-1-4614-1356-1,,,978-1-4614-1355-4,,series/lnee/PapaM13,2017-05-16,,,,3-155,Springer,,,,Lecture Notes in Electrical Engineering,db/series/lnee/index.html,,,Multi-Objective Optimization in Physical Synthesis of Integrated Circuits,,166,2013",,,,,,,,,,,,,,,,,,,,,,,,,,,,,,,,,
1569,"8842,2865125,Rumen Stainov,,,,,,,,,,,,,978-3-18-401345-5,,books/daglib/0079984,2011-04-29,,,,""I-XII, 1-295"",VDI-Verlag,,,,,,,,""Verteilte Betriebssysteme - Grundlagen, Netzwerkdienste, Beispiele."",,,1994",,,,,,,,,,,,,,,,,,,,,,,,,,,,,,,,,
790,"14150,2878514,Jacques Chauché,,,,,,,,,,https://tel.archives-ouvertes.fr/tel-00284636,,,,,books/hal/Chauche74,2017-09-28,,,,,,,habil,""Joseph Fourier University, Grenoble, France"",,,,,Transducteurs et arborescences : études et réalisations de systèmes appliquées aux grammaires transformationnelles. (Transducteurs).,,,1974",,,,,,,,,,,,,,,,,,,,,,,,,,,,,,,,,
1296,"4607,2860356,Peter Flynn,,,,,,,,,,,,,978-1-85032-205-4,,books/daglib/0008466,2011-04-08,,,,""I-XIX, 1-351"",Internat. Thomson Publ.,,,,,,,,""The world wide web handbook - a guide for users, authors, and publishers: including HTML3 reference card."",,,1995",,,,,,,,,,,,,,,,,,,,,,,,,,,,,,,,,
573,"7612,2863730,Yang Xiang,,,,,,,,,,,,,978-0-521-81308-2,,books/daglib/0006686,2011-04-12,,,,""I-XII, 1-294"",Cambridge University Press,,,,,,,,Probabilistic reasoning in multiagent systems - a graphical models approach.,,,2002",,,,,,,,,,,,,,,,,,,,,,,,,,,,,,,,,
1726,"877,2847412,,,,Human-Centric Information Processing Through Granular Modelling,,,,,Andrzej Bargiela|Witold Pedrycz,,https://doi.org/10.1007/978-3-540-92916-1,,,978-3-540-92915-4,,series/sci/2009-182,2017-05-16,,,,,Springer,,,,Studies in Computational Intelligence,db/series/sci/index.html,,,Human-Centric Information Processing Through Granular Modelling,db/series/sci/sci182.html,182,2009",,,,,,,,,,,,,,,,,,,,,,,,,,,,,,,,,
863,"1462,2849900,Dongsheng Bi|Khalid Sayood|Michael W. Hoffman,,,Joint Source Channel Coding Using Arithmetic Codes,,,,,,,https://doi.org/10.2200/S00222ED1V01Y200911COM004,,,9781608451487|9781608451494,,series/synthesis/2009Bi,2017-05-16,,,,1-77,Morgan & Claypool Publishers,,,,Synthesis Lectures on Communications,db/series/synthesis/com.html,,,Joint Source Channel Coding Using Arithmetic Codes,,,2009",,,,,,,,,,,,,,,,,,,,,,,,,,,,,,,,,
181,"10084,2866505,Alex Payne|Dean Wampler,,,,,,,,,,http://www.oreilly.de/catalog/9780596155957/index.html,,,978-0-596-15595-7,,books/daglib/0023490,2011-02-09,,,,""I-XXII, 1-422"",O'Reilly,,,,,,,,Programming Scala - Scalability = Functional Programming + Objects.,,,2009",,,,,,,,,,,,,,,,,,,,,,,,,,,,,,,,,
389,"201,2840650,,,,Machine Learning for Health Informatics,,,,,Andreas Holzinger,,https://doi.org/10.1007/978-3-319-50478-0,,,978-3-319-50477-3,,series/lncs/9605,2019-05-14,,,,,Springer,,,,Lecture Notes in Computer Science,db/series/lncs/index.html,,,Machine Learning for Health Informatics - State-of-the-Art and Future Challenges,db/series/lncs/lncs9605.html,9605,2016",,,,,,,,,,,,,,,,,,,,,,,,,,,,,,,,,
1462,"15888,2881505,Hermann A. Maurer|Joachim Hasebrook,,,,,,,,,,https://doi.org/10.1142/5529,,,978-981-238-831-5|978-981-4482-77-6,,books/ws/HasebrookM04,2017-05-16,,,,1-300,World Scientific,,,,Series on Innovative Intelligence,,,,Learning Support Systems for Organizational Learning,,8,2004",,,,,,,,,,,,,,,,,,,,,,,,,,,,,,,,,
598,"18518,2895352,Hans-Jürgen Zimmermann,,,,,,,,,,https://doi.org/10.1007/978-94-015-7949-0,,,978-94-015-7949-0|978-94-015-7951-3,,books/sp/Zimmermann91,2019-07-23,,,,1-399,Springer,,,,,,,,Fuzzy Set Theory - and Its Applications,,,1991",,,,,,,,,,,,,,,,,,,,,,,,,,,,,,,,,
1043,"14755,2879119,Philippe Le Parc,,,,,,,,,,https://tel.archives-ouvertes.fr/tel-00496850,,,,,books/hal/Parc04,2017-09-28,,,,,,,habil,""University of Western Brittany, Brest, France"",,,,,Méthodes et outils informatiques pour la commande locale ou distante de systèmes réactifs.,,,2004",,,,,,,,,,,,,,,,,,,,,,,,,,,,,,,,,
1487,"15779,2881178,Colin G. Hales,,,,,,,,,,https://doi.org/10.1142/9211,,,978-981-4616-24-9|978-981-4616-26-3,,books/ws/Hales14,2017-05-16,,,,1-344,WorldScientific,,,,Series on Machine Consciousness,,,,The Revolutions of Scientific Structure,,3,2014",,,,,,,,,,,,,,,,,,,,,,,,,,,,,,,,,
1248,"9800,2866181,Michael R. Genesereth|Nils J. Nilsson,,,,,,,,,,,,,978-0-934613-31-6,,books/daglib/0005829,2011-04-12,,,,""I-XVII, 1-405"",Morgan Kaufmann,,,,,,,,Logical foundations of artificial intelligence.,,,1988",,,,,,,,,,,,,,,,,,,,,,,,,,,,,,,,,
1616,"18931,2897403,Richard T. Gillam,,,,,,,,,,,,,0201700522,,books/aw/Gillam2002,2018-04-09,,,,,Addison-Wesley,,,,,,,,Unicode Demystified: A Practical Programmer's Guide to the Encoding Standard,,,2002",,,,,,,,,,,,,,,,,,,,,,,,,,,,,,,,,
1454,"8265,2864474,Martin Freiss,,,,,,,,,,,,,978-1-56592-425-3,,books/daglib/0093421,2011-04-21,,,,""I-XIV, 1-112"",O'Reilly,,,,,,,,Protecting networks with SATAN - internet security for system administrators.,,,1998",,,,,,,,,,,,,,,,,,,,,,,,,,,,,,,,,
641,"7609,2863727,Matthew Helmke|Ryan Troy,,,,,,,,,,http://www.oreilly.de/catalog/9781449314477/index.html,,,978-1-449-31447-7,,books/daglib/0029332,2012-09-04,,,,""I-XIII, 1-341"",O'Reilly,,,,,,,,""VMware Cookbook - a Real-World Guide to Effective VMware Use: Covers vCloud Director and vShield, 2nd Edition."",,,2012",,,,,,,,,,,,,,,,,,,,,,,,,,,,,,,,,
192,"6327,2862276,,,,,,,,,Ana L. C. Bazzan|Franziska Klügl|Sascha Ossowski,,https://doi.org/10.1007/3-7643-7363-6,,,978-3-7643-7258-3|978-3-7643-7363-4,,books/daglib/0034812,2017-05-16,,,,,Springer,,,,Whitestein series in software agent technologies and autonomic computing,db/series/whitestein/index.html,,,Applications of Agent Technology in Traffic and Transportation,db/books/collections/KBO2005.html,,2005",,,,,,,,,,,,,,,,,,,,,,,,,,,,,,,,,
414,"13337,2873060,Aleksei I. Kostrikin|Igor R. Shafarevich,,,,,,,,,,,,,978-3-540-17006-8,,books/daglib/0091052,2019-07-17,,,,1-258,Springer,,,,Encyclopaedia of mathematical sciences,,,,Algebra I - basic notions of algebra.,,11,1990",,,,,,,,,,,,,,,,,,,,,,,,,,,,,,,,,
1568,"16029,2882039,David Y. Y. Yun,,,,,,,,,,,,,0-8240-4426-6,,books/garland/Yun73,2002-05-24,,,,,""Garland Publishing, New York"",,,,Outstanding Dissertations in the Computer Sciences,,,,The Hensel Lemma in Algebraic Manipulation,,,1973",,,,,,,,,,,,,,,,,,,,,,,,,,,,,,,,,
664,"11160,2867724,Krzysztof Wecel|Pawel Jan Kalczynski|Witold Abramowicz,,,,,,,,,,http://www.springer.com/computer/swe/book/978-1-85233-579-3,,,978-1-85233-579-3,,books/daglib/0007548,2011-04-15,,,,""I-XII, 1-267"",Springer,,,,,,,,Filtering the web to feed data warehouses.,,,2002",,,,,,,,,,,,,,,,,,,,,,,,,,,,,,,,,
194,"3435,2854772,,,,Engineering and Management of IT-based Service Systems,,,,,Francisco Cervantes-Pérez|Jorge Marx Gómez|Leonardo Garrido|Manuel Mora,0000-0002-0951-2358,https://doi.org/10.1007/978-3-642-39928-2,,,978-3-642-39927-5,,series/isrl/55,2020-10-26,,,,,Springer,,,,Intelligent Systems Reference Library,db/series/isrl/index.html,,,Engineering and Management of IT-based Service Systems - An Intelligent Decision-Making Support Systems Approach,db/series/isrl/isrl55.html,55,2014",,,,,,,,,,,,,,,,,,,,,,,,,,,,,,,,,
1914,"10173,2866605,Terry Patten,,,,,,,,,,,,,978-0-521-03926-0,,books/daglib/0018801,2019-07-09,,,,""I-XII, 1-214"",Cambridge University Press,,,,Studies in natural language processing,,,,Systemic text generation as problem solving.,,,2007",,,,,,,,,,,,,,,,,,,,,,,,,,,,,,,,,
899,"11663,2868290,Chuck Cavaness,,,,,,,,,,http://www.oreilly.de/catalog/0596006519/index.html,,,978-0-596-00651-8,,books/daglib/0011229,2011-04-07,,,,""I-XVII, 1-450"",O'Reilly,,,,,,,,Programming Jakarta struts - building web applications with servlets and JSPs: complete coverage of 1.1 (2. ed).,,,2004",,,,,,,,,,,,,,,,,,,,,,,,,,,,,,,,,
920,"13945,2876946,,,,,,,,,Shih-Fu Chang,,https://doi.org/10.1145/3122865,,,978-1-97000-107-5,,books/mc/18/C2018,2019-06-27,,,,,ACM / Morgan & Claypool,,,,,,,,Frontiers of Multimedia Research,db/books/collections/C2018.html,,2018",,,,,,,,,,,,,,,,,,,,,,,,,,,,,,,,,
292,"10620,2867120,Steve Skidmore,,,,,,,,,,,,,978-1-85554-231-0,,books/daglib/0077666,2011-04-08,,,,""I-IX, 1-196"",Blackwell,,,,,,,,Introducing systems analysis.,,,1994",,,,,,,,,,,,,,,,,,,,,,,,,,,,,,,,,
589,"19245,8963041,Felix Flentge,,,,,,,,,,https://d-nb.info/986313769,,,978-3-8364-4614-3,,phd/de/Flentge2007,2021-07-17,,,,1-133,""VDM Verlag Dr. Müller, Saarbrücken, Germany"",,,Johannes Gutenberg University Mainz,,,,,Maschinelles Lernen von Aktionen: adaptive Funktionsapproximation für Reinforcement-Learning auf der Basis von selbstorganisierenden Karten.,,,2007",,,,,,,,,,,,,,,,,,,,,,,,,,,,,,,,,
959,"7526,2863625,Sven Neumann,,,,,,,,,,,,,978-1-56592-731-5,,books/daglib/0002349,2011-04-12,,,,""I-III, 1-97"",O'Reilly,,,,,,,,GIMP pocket reference - image creation and manipulation: covers Gimp 1.2.,,,2000",,,,,,,,,,,,,,,,,,,,,,,,,,,,,,,,,
87,"9210,2865534,Peter Robson|Stephane Faroult,,,,,,,,,,http://www.oreilly.de/catalog/artofsql/index.html,,,978-0-596-00894-9,,books/daglib/0015919,2011-03-23,,,,""I-XVI, 1-349"",O'Reilly,,,,,,,,The art of SQL.,,,2006",,,,,,,,,,,,,,,,,,,,,,,,,,,,,,,,,
1027,"13361,2873087,Uta Störl,,,,,,,,,,https://d-nb.info/961156384,,,3-519-00416-X,,books/teu/Storl01,2021-07-17,,,,,Teubner,,,,,,,,Backup und Recovery in Datenbanksystemen,,,2001",,,,,,,,,,,,,,,,,,,,,,,,,,,,,,,,,
736,"15331,2879695,Alexis Joly,,,,,,,,,,https://tel.archives-ouvertes.fr/hal-01182797,,,,,books/hal/Joly15,2017-09-30,,,,,,,habil,""University of Montpellier, France"",,,,,Large-scale Content-based Visual Information Retrieval.,,,2015",,,,,,,,,,,,,,,,,,,,,,,,,,,,,,,,,
351,"16136,2882276,Philip N. Klein,,,,,,,,,,https://doi.org/10.1017/CBO9781139084772,,,9781139084772,,books/cu/K2014,2017-05-16,,,,,Cambridge University Press,,,,,,,,A Cryptography Primer: Secrets and Promises,,,2014",,,,,,,,,,,,,,,,,,,,,,,,,,,,,,,,,
186,"9186,2865509,Amit Varshney|Antonios Armaou|Panagiotis D. Christofides|Yiming Lou,,,,,,,,,,https://doi.org/10.1007/978-0-8176-4793-3,,,978-0-8176-4792-6,,books/daglib/0033125,2017-05-16,,,,""I-XVI, 1-232"",Birkhäuser,,,,Control engineering,,,,Control and Optimization of Multiscale Process Systems.,,,2008",,,,,,,,,,,,,,,,,,,,,,,,,,,,,,,,,
1307,"18054,2893839,,,,Security and Fault Tolerance in Internet of Things,,,,,Athanasios V. Vasilakos|Jimson Mathew|Rajat Subhra Chakraborty,,https://doi.org/10.1007/978-3-030-02807-7,,,978-3-030-02806-0|978-3-030-02807-7,,books/sp/19/CMV2019,2020-04-09,,,,,Springer,,,,,,,,""Security and Fault Tolerance in Internet of Things - Technology, Communications and Computing"",db/books/collections/CMV2019.html,,2019",,,,,,,,,,,,,,,,,,,,,,,,,,,,,,,,,
525,"17915,2892075,Bernhard Westfechtel,,,,,,,,,,https://doi.org/10.1007/3-540-46708-4,,,3-540-66756-3,,books/sp/Westfechtel99,2019-05-14,,,,,Springer,,,,Lecture Notes in Computer Science,db/series/lncs/index.html,,,Models and Tools for Managing Development Processes,,1646,1999",,,,,,,,,,,,,,,,,,,,,,,,,,,,,,,,,
1501,"18223,2894511,,,,,,,,,Craig Anslow|Joaquim A. Jorge|Pedro F. Campos,0000-0001-5441-4637|0000-0001-7706-5038,https://doi.org/10.1007/978-3-319-45853-3,,,978-3-319-45852-6|978-3-319-45853-3,,books/sp/ACJ2016,2018-11-02,,,,,Springer,,,,,,,,Collaboration Meets Interactive Spaces,db/books/collections/ACJ2016.html,,2016",,,,,,,,,,,,,,,,,,,,,,,,,,,,,,,,,
108,"7638,2863760,Philipp Ackermann,,,,,,,,,,,,,978-3-920993-52-2,,books/daglib/0085289,2011-04-27,,,,""I-XIX, 1-298"",dpunkt,,,,,,,,Developing object-oriented multimedia software - based on the METplusplus application framework.,,,1996",,,,,,,,,,,,,,,,,,,,,,,,,,,,,,,,,
955,"15994,2881952,Debarati B. Chakraborty|Sankar K. Pal,,,Granular Video Computing,,,,,,,https://doi.org/10.1142/12013,,,9789811227110|9789811227127|9789811227134,,books/ws/ChakrabortyP21,2021-03-30,,,,1-260,WorldScientific,,,,,,,,""Granular Video Computing - with Rough Sets, Deep Learning and in IoT"",,,2021",,,,,,,,,,,,,,,,,,,,,,,,,,,,,,,,,
56,"11435,2868037,David A. Basin|Michael Schläpfer|Patrick Schaller,,,,,,,,,,https://doi.org/10.1007/978-3-642-24474-2,,,978-3-642-24473-5,,books/daglib/0028269,2017-05-16,,,,""I-XIV, 1-202"",Springer,,,,,,,,Applied Information Security - a Hands-on Approach.,,,2011",,,,,,,,,,,,,,,,,,,,,,,,,,,,,,,,,
111,"6725,2862715,,,,,,,,,Mohamed Medhat Gaber,0000-0003-0339-4474,https://doi.org/10.1007/978-3-642-02788-8,,,978-3-642-02787-1,,books/daglib/0024002,2017-05-29,,,,,Springer,,,,,,,,Scientific Data Mining and Knowledge Discovery - Principles and Foundations,db/books/collections/G2010.html,,2010",,,,,,,,,,,,,,,,,,,,,,,,,,,,,,,,,
1008,"15361,2879725,Thi-Bich-Hanh Dao,,,,,,,,,,https://tel.archives-ouvertes.fr/tel-01832811,,,,,books/hal/Dao18,2018-12-11,,,,,,,habil,""University of Orléans, France"",,,,,Constraint Programming for Data Mining and for Natural Language Processing.,,,2018",,,,,,,,,,,,,,,,,,,,,,,,,,,,,,,,,
906,"10716,2867228,Geoffrey L. Burn,,,,,,,,,,,,,978-0-273-08832-5,,books/daglib/0070448,2011-04-19,,,,1-238,Pitman,,,,Research monographs in parallel and distributed computing,,,,Lazy functional languages - abstract interpretation and compilation.,,,1991",,,,,,,,,,,,,,,,,,,,,,,,,,,,,,,,,
1690,"15325,2879689,Benjamin Perret,,,,,,,,,,https://tel.archives-ouvertes.fr/tel-03231061,,,,,books/hal/Perret21,2021-07-15,,,,,,,habil,""University of Paris-Est, France"",,,,,""Hierarchical image analysis: theory, algorithms, and applications."",,,2021",,,,,,,,,,,,,,,,,,,,,,,,,,,,,,,,,
258,"17948,2892517,,,,,,,,,André Inácio Reis|Rolf Drechsler,0000-0002-9872-1740,https://doi.org/10.1007/978-3-319-67295-3|https://www.wikidata.org/entity/Q60373863,,,978-3-319-67294-6,,books/sp/18/RD2018,2019-09-16,,,,,Springer,,,,,,,,Advanced Logic Synthesis,db/books/collections/RD2018.html,,2018",,,,,,,,,,,,,,,,,,,,,,,,,,,,,,,,,
556,"10980,2867529,Jeff Webb|Steve Saunders,,,,,,,,,,http://www.oreilly.de/catalog/progexcel/index.html,,,978-0-596-00766-9,,books/daglib/0016127,2011-03-23,,,,""I-XXI, 1-1090"",O'Reilly,,,,,,,,Programming Excel with VBA and .NET - solve real-world problems with Excel.,,,2006",,,,,,,,,,,,,,,,,,,,,,,,,,,,,,,,,
382,"17389,2890424,,,,,,,,,Mayank Vatsa|Nalini K. Ratha|Richa Singh 0001|Vishal M. Patel,0000-0001-5952-2274|0000-0001-7913-5722|0000-0003-4060-4573,https://doi.org/10.1007/978-3-030-30671-7,,,978-3-030-30670-0|978-3-030-30671-7,,books/sp/20/SVPR2020,2020-04-05,,,,,Springer,,,,,,,,Domain Adaptation for Visual Understanding,db/books/collections/SVPR2020.html,,2020",,,,,,,,,,,,,,,,,,,,,,,,,,,,,,,,,
537,"6060,2861981,Natarajan Shankar,,,,,,,,,,,,,978-0-521-42027-3,,books/daglib/0084079,2019-07-19,,,,""I-XV, 1-202"",Cambridge University Press,,,,Cambridge tracts in theoretical computer science,,,,""Metamathematics, machines, and Gödels's proof."",,38,1994",,,,,,,,,,,,,,,,,,,,,,,,,,,,,,,,,
697,"10178,2866612,Kevin T. Smith|Leo Obrst|Michael C. Daconta,,,,,,,,,,,,,978-0-471-43257-9,,books/daglib/0011244,2011-04-14,,,,""I-XXII, 1-281"",Wiley,,,,,,,,""The semantic web - a guide to the future of XML, web services, and knowledge management."",,,2003",,,,,,,,,,,,,,,,,,,,,,,,,,,,,,,,,
486,"11709,2868340,Jacques Bertin,,,,,,,,,,http://esripress.esri.com/display/index.cfm?fuseaction=display&websiteID=190&moduleID=0,,,978-1-58948-261-6,,books/daglib/0025540,2011-02-04,,,,,ESRI,,,,,,,,""Semiology of Graphics - Diagrams, Networks, Maps."",,,2010",,,,,,,,,,,,,,,,,,,,,,,,,,,,,,,,,
619,"9167,2865488,Chi Tat Chong|Liang Yu,,,,,,,,,,https://www.degruyter.com/view/product/180947,,,978-3-11-027555-1,,books/daglib/0040378,2021-12-10,,,,""I-XIII, 1-306"",de Gruyter Oldenbourg,,,,de Gruyter series in logic and its applications,,,,Recursion Theory - Computational Aspects of Definability.,,8,2015",,,,,,,,,,,,,,,,,,,,,,,,,,,,,,,,,
341,"993,2848043,Agnieszka B. Malinowska|Delfim F. M. Torres,,0000-0001-8641-2505|0000-0002-1309-8583,,,,,,,,https://doi.org/10.1007/978-3-319-02747-0|https://www.wikidata.org/entity/Q60224388,,,978-3-319-02746-3|978-3-319-02747-0,,series/sbece/MalinowskaT14,2019-09-16,,,,""i-xviii, 1-84"",Springer,,,,Springer Briefs in Electrical and Computer Engineering,db/series/sbece/index.html,,,Quantum Variational Calculus,,,2014",,,,,,,,,,,,,,,,,,,,,,,,,,,,,,,,,
275,"7606,2863724,Anil Nerode|Richard A. Shore,,,,,,,,,,https://doi.org/10.1007/978-1-4612-0649-1,,,978-0-387-94893-5|978-1-4612-0649-1|978-1-4612-6855-0,,books/daglib/0086276,2017-05-16,,,,""I-XIII, 1-456"",Springer,,,,Graduate Texts in Computer Science,db/series/txcs/index.html,,,""Logic for Applications, Second Edition."",,,1997",,,,,,,,,,,,,,,,,,,,,,,,,,,,,,,,,
1271,"8095,2864282,Bernd Sturmfels|Diane Maclagan,,,,,,,,,,http://bookstore.ams.org/gsm-161/,,,978-0-8218-5198-2,,books/daglib/0039113,2016-11-10,,,,""I-XII, 1-363"",American Mathematical Society,,,,Graduate studies in mathematics,,,,Introduction to Tropical Geometry.,,161,2015",,,,,,,,,,,,,,,,,,,,,,,,,,,,,,,,,
1559,"15070,2879434,Anastasios Giovanidis,,,,,,,,,,https://tel.archives-ouvertes.fr/tel-03054724,,,,,books/hal/Giovanidis20,2021-02-23,,,,,,,habil,""Sorbonne University, France"",,,,,""Contents through Networks: wireless access, caching, social diffusion."",,,2020",,,,,,,,,,,,,,,,,,,,,,,,,,,,,,,,,
1038,"12671,2872322,Bhaskar Krishnamachari|Viktor K. Prasanna|Yang Yu 0009,,,,,,,,,,https://doi.org/10.1142/6288,,,978-981-270-146-6,,books/daglib/0032639,2018-08-31,,,,""I-XV, 1-185"",World Scientific,,,,,,,,Information Processing and Routing in Wireless Sensor Networks.,,,2006",,,,,,,,,,,,,,,,,,,,,,,,,,,,,,,,,
702,"7049,2863078,Dolf Zantinge|Pieter Adriaans,,,,,,,,,,,,,978-0-201-40380-0,,books/daglib/0091723,2011-04-26,,,,""I-XI, 1-158"",Addison-Wesley-Longman,,,,,,,,Data mining.,,,1997",,,,,,,,,,,,,,,,,,,,,,,,,,,,,,,,,
816,"10569,2867062,Fan Dai,,,,,,,,,,,,,978-3-540-62094-5,,books/daglib/0087189,2011-02-03,,,,""I-XIV, 1-158"",Springer,,,,Beiträge zur graphischen Datenverarbeitung,,,,Lebendige virtuelle Welten - physikalisch-basierte Modelle in Computeranimation und virtueller Realität.,,,1997",,,,,,,,,,,,,,,,,,,,,,,,,,,,,,,,,
1507,"4122,2859344,Virginia Dignum,,,,,,,,,,https://doi.org/10.1007/978-3-030-30371-6,,,978-3-030-30370-9,,series/aifta/Dignum19,2019-11-08,,,,1-120,Springer,,,,""Artificial Intelligence: Foundations, Theory, and Algorithms"",db/series/aifta/index.html,,,Responsible Artificial Intelligence - How to Develop and Use AI in a Responsible Way,,,2019",,,,,,,,,,,,,,,,,,,,,,,,,,,,,,,,,
1913,"109,27798,,,,Handbook of Formal Languages (3),,,,,Arto Salomaa|Grzegorz Rozenberg,,https://doi.org/10.1007/978-3-642-59126-6,,,978-3-642-59126-6|978-3-642-63859-6,,reference/hfl/1997-3,2018-11-25,,,,,Springer,,,,,,,,""Handbook of Formal Languages, Volume 3: Beyond Words."",db/reference/hfl/hfl3.html,,1997",,,,,,,,,,,,,,,,,,,,,,,,,,,,,,,,,
1044,"5309,2861139,Glynn Winskel,,,,,,,,,,,,,978-0-262-23169-5,,books/daglib/0070910,2011-04-28,,,,""I-XVIII, 1-361"",MIT Press,,,,Foundation of computing series,,,,The formal semantics of programming languages - an introduction.,,,1993",,,,,,,,,,,,,,,,,,,,,,,,,,,,,,,,,
1740,"16491,2885822,Diederik Vos|Heinz Bons|Martin Wieczorek,,,,,,,,,,https://doi.org/10.1007/978-3-662-47771-7,,,978-3-662-47770-0|978-3-662-47771-7,,books/sp/WieczorekVB16,2017-05-16,,,,1-184,Springer,,,,,,,,Qualità dei sistemi e del software - Il prossimo passo per l'industrializzazione,,,2016",,,,,,,,,,,,,,,,,,,,,,,,,,,,,,,,,
1081,"9909,2866311,Peter Pepper,,,,,,,,,,,,,978-3-486-23513-5,,books/daglib/0090950,2011-04-28,,,,1-357,Oldenbourg,,,,,,,,Grundlagen der Informatik (2. Aufl.).,,,1995",,,,,,,,,,,,,,,,,,,,,,,,,,,,,,,,,
614,"18659,2896447,Johannes Viegener,,,,,,,,,,https://d-nb.info/950552046,,,3-89601-428-5,,books/infix/Viegener97,2021-07-17,,,,,""Infix Verlag, St. Augustin, Germany"",,,Karlsruhe Institute of Technology,DISDBIS,db/series/disdbis/index.html,,,""Inkrementelle, domänenunabhängige Thesauruserstellung in dokumentbasierten Informationssystemen durch Kombination von Konstruktionsverfahren."",,28,1997",,,,,,,,,,,,,,,,,,,,,,,,,,,,,,,,,
1480,"13241,2872956,Ben Albahari|Joseph Albahari,,,,,,,,,,http://www.oreilly.com/catalog/9780596519223/index.html#top,,,978-0-596-51922-3,,books/daglib/0020138,2011-02-10,,,,""I-XI, 1-230"",O'Reilly,,,,,,,,C# 3.0 - pocket reference: instant help for C# 3.0 programmers (2. ed.).,,,2008",,,,,,,,,,,,,,,,,,,,,,,,,,,,,,,,,
1809,"9626,2865990,Michael M. Richter,,,,,,,,,,,,,978-3-528-03072-8,,books/daglib/0069204,2011-03-23,,,,""I-VII, 1-264"",Vieweg,,,,,,,,""Ideale Punkte, Monaden und Nichtstandard-Methoden."",,,1982",,,,,,,,,,,,,,,,,,,,,,,,,,,,,,,,,
778,"1533,2849971,Kenneth R. Fleischmann,,,Information and Human Values,,,,,,,https://doi.org/10.2200/S00545ED1V01Y201310ICR031,,,9781627052450|9781627052467,,series/synthesis/2013Fleischmann,2020-12-03,,,,1-99,Morgan & Claypool Publishers,,,,""Synthesis Lectures on Information Concepts, Retrieval, and Services"",db/series/synthesis/icr.html,,,Information and Human Values,,,2013",,,,,,,,,,,,,,,,,,,,,,,,,,,,,,,,,
1368,"9726,2866099,W. Daniel Hillis,,,,,,,,,,,,,978-0-262-58097-7,,books/daglib/0066881,2011-04-12,,,,""I-VII, 1-190"",MIT Press,,,,,,,,The connection machine.,,,1989",,,,,,,,,,,,,,,,,,,,,,,,,,,,,,,,,
1103,"8029,2864201,Sumit Ghosh,,,,,,,,,,,,,978-0-7803-4744-1,,books/daglib/0002939,2011-04-12,,,,""I-XXIII, 1-239"",IEEE,,,,,,,,Hardware description languages - concepts and principles.,,,1999",,,,,,,,,,,,,,,,,,,,,,,,,,,,,,,,,
1575,"7668,2863795,Key Pousttchi|Klaus Turowski,,,,,,,,,,http://www.springer.com/computer/information+systems+and+applications/book/978-3-540-00535-3,,,978-3-540-00535-3,,books/daglib/0016791,2011-04-14,,,,""I-IX, 1-224"",Springer,,,,,,,,Mobile Commerce - Grundlagen und Techniken.,,,2004",,,,,,,,,,,,,,,,,,,,,,,,,,,,,,,,,
321,"19258,8964095,Cristian Pérez de Laborda Schwankhart,,,,,,,,,,https://d-nb.info/986652032,,,978-3-8364-5167-3,,phd/de/Schwankhart2007,2021-07-17,,,,1-144,""VDM Verlag Dr. Müller, Saarbrücken, Germany"",,,,,,,,Incorporating relational data into the Semantic Web: from databases to RDF using relational OWL.,,,2007",,,,,,,,,,,,,,,,,,,,,,,,,,,,,,,,,
1634,"12004,2871574,Andreas F. Koschan|Karsten Schlüns|Reinhard Klette,,,,,,,,,,,,,978-3-528-06625-3,,books/daglib/0083727,2015-12-02,,,,""I-XIV, 1-382"",Vieweg,,,,,,,,Computer Vision - räumliche Information aus digitalen Bildern.,,,1996",,,,,,,,,,,,,,,,,,,,,,,,,,,,,,,,,
285,"8084,2864269,Eric A. Meyer,,,,,,,,,,,,,978-1-56592-622-6,,books/daglib/0001468,2011-04-12,,,,""I-XIV, 1-453"",O'Reilly,,,,,,,,Cascading style sheets - the definitive guide: visual styles for HTML.,,,2000",,,,,,,,,,,,,,,,,,,,,,,,,,,,,,,,,
623,"2984,2853415,Kan Yang 0001|Xiaohua Jia,,,,,,,,,,https://doi.org/10.1007/978-1-4614-7873-7,,,978-1-4614-7872-0|978-1-4614-7873-7,,series/sbcs/YangJ14,2017-05-16,,,,""i-xi, 1-83"",Springer,,,,Springer Briefs in Computer Science,db/series/sbcs/index.html,,,Security for Cloud Storage Systems.,,,2014",,,,,,,,,,,,,,,,,,,,,,,,,,,,,,,,,
331,"16747,2887035,Christoph G. Schuetz,,0000-0002-0955-8647,,,,,,,,https://d-nb.info/1074033752|https://doi.org/10.1007/978-3-658-11084-0,,,978-3-658-11083-3|978-3-658-11084-0,,books/sp/Schuetz15,2021-07-17,,,,1-17,Springer Vieweg,,,""Johannes Kepler University Linz, Austria"",,,,,Multilevel Business Processes - Modeling and Data Analysis,,,2015",,,,,,,,,,,,,,,,,,,,,,,,,,,,,,,,,
613,"18838,2897254,Giuseppe Di Battista|Ioannis G. Tollis|Peter Eades|Roberto Tamassia,,,,,,,,,,,,,0-13-301615-3,,books/ph/BattistaETT99,2002-02-11,,,,,Prentice-Hall,,,,,,,,Graph Drawing: Algorithms for the Visualization of Graphs,,,1999",,,,,,,,,,,,,,,,,,,,,,,,,,,,,,,,,
1890,"7289,2863350,Dave Pawson,,,,,,,,,,,,,978-0-596-00355-5,,books/daglib/0007003,2011-04-12,,,,""I-XV, 1-263"",O'Reilly,,,,,,,,XSL-FO - making XML look good in print.,,,2002",,,,,,,,,,,,,,,,,,,,,,,,,,,,,,,,,
880,"13327,2873050,Atul Saini|David R. Musser,,,,,,,,,,,,,978-0-201-63398-6,,books/daglib/0086602,2011-04-28,,,,""I-XXI, 1-400"",Addison-Wesley,,,,Addison-Wesley professional computing series,,,,STL tutorial and reference guide - C++ programming with the standard template library.,,,1996",,,,,,,,,,,,,,,,,,,,,,,,,,,,,,,,,
1591,"9587,2865944,Serge Lang,,,,,,,,,,,,,978-3-540-90875-3,,books/daglib/0091041,2011-04-08,,,,""I-XII, 1-256"",Springer,,,,,,,,Abelian varieties.,,,1983",,,,,,,,,,,,,,,,,,,,,,,,,,,,,,,,,
1744,"3191,2853625,Matthias Book|Rüdiger Striemer|Volker Gruhn,,,,,,,,,,https://doi.org/10.1007/978-3-662-53330-7,,,978-3-662-53329-1|978-3-662-53330-7,,series/xpert/BookGS17,2017-05-16,,,,3-357,Springer,,,,Xpert.press,db/series/xpert/index.html,,,Erfolgreiche agile Projekte - Pragmatische Kooperation und faires Contracting,,,2017",,,,,,,,,,,,,,,,,,,,,,,,,,,,,,,,,
1173,"2960,2853390,Aamo Iorliam,,,,,,,,,,https://doi.org/10.1007/978-3-319-94499-9,,,978-3-319-94498-2,,series/sbcs/Iorliam18,2018-06-29,,,,1-91,Springer,,,,Springer Briefs in Computer Science,db/series/sbcs/index.html,,,Fundamental Computing Forensics for Africa - A Case Study of the Science in Nigeria,,,2018",,,,,,,,,,,,,,,,,,,,,,,,,,,,,,,,,
1922,"9111,2865428,Roland Carl Backhouse,,,,,,,,,,,,,978-0-13-729146-5,,books/daglib/0067017,2011-04-08,,,,""I-XI, 1-281"",Prentice Hall,,,,PHI Series in computer science,,,,Program construction and verification.,,,1986",,,,,,,,,,,,,,,,,,,,,,,,,,,,,,,,,
572,"22,4697,,,,Encyclopedia of Knowledge Management,,,,,David G. Schwartz|Dov Te'eni,,https://doi.org/10.4018/978-1-59904-931-1,,,9781599049311,,reference/knowledge/2011,2017-05-16,,,,,IGI Global,,,,,,,,""Encyclopedia of Knowledge Management, Second Edition"",db/reference/knowledge/knowledge2011.html,,2011",,,,,,,,,,,,,,,,,,,,,,,,,,,,,,,,,
1618,"14017,2877212,,,,,,,,,Joseph M. Hellerstein|Michael Stonebraker,,,,,1-55860-523-1,,books/mk/Stonebraker98,2002-01-03,,,,,Morgan Kaufmann,db/publishers/mkp.html,,,,,,,""Readings in Database Systems, Third Edition"",,,1998",,,,,,,,,,,,,,,,,,,,,,,,,,,,,,,,,
894,"5291,2861120,Berthold K. P. Horn|Patrick Henry Winston,,,,,,,,,,,,,978-0-201-08319-4,,books/daglib/0068935,2012-04-23,,,,""I-XXI, 1-611"",Addison-Wesley,,,,,,,,LISP (3. ed.).,,,1989",,,,,,,,,,,,,,,,,,,,,,,,,,,,,,,,,
628,"7291,2863352,Bernhard Eschermann,,,,,,,,,,,,,978-3-540-56788-2,,books/daglib/0070800,2011-04-28,,,,""I-XI, 1-285"",Springer,,,,Springer-Lehrbuch,,,,Funktionaler Entwurf digitaler Schaltungen - Methoden und CAD-Techniken.,,,1993",,,,,,,,,,,,,,,,,,,,,,,,,,,,,,,,,
990,"8035,2864208,Leslie Lamport,,,,,,,,,,,,,978-0-201-52983-8,,books/daglib/0023602,2011-04-08,,,,""I-XVI, 1-272"",Pearson / Prentice Hall,,,,,,,,""LaTeX - A Document Preparation System: User's Guide and Reference Manual, Second Edition."",,,1994",,,,,,,,,,,,,,,,,,,,,,,,,,,,,,,,,
1293,"11214,2867786,Michael T. Goodrich|Roberto Tamassia,,,,,,,,,,,,,978-0-471-64452-1,,books/daglib/0010343,2011-04-14,,,,""I-XVII, 1-681"",Wiley,,,,,,,,Data structures and algorithms in Java (3. ed.).,,,2003",,,,,,,,,,,,,,,,,,,,,,,,,,,,,,,,,
75,"14423,2878787,Beatriz Marcotegui,,,,,,,,,,https://tel.archives-ouvertes.fr/tel-01527577,,,,,books/hal/Marcotegui15,2017-09-30,,,,,,,habil,""Blaise Pascal University, Clermont-Ferrand, France"",,,,,Contributions à la segmentation d'image et de nuages de points. Application à l'analyse de scènes urbaines.,,,2015",,,,,,,,,,,,,,,,,,,,,,,,,,,,,,,,,
866,"108,26101,,,,Encyclopedia of Database Systems (2nd ed.),,,,,Ling Liu|M. Tamer Özsu,0000-0002-8126-1717,https://doi.org/10.1007/978-1-4614-8265-9,,,978-1-4614-8265-9|978-1-4614-8266-6,,reference/db/2018,2019-02-14,,,,,Springer,,,,,,,,""Encyclopedia of Database Systems, Second Edition"",db/reference/db/a2.html,,2018",,,,,,,,,,,,,,,,,,,,,,,,,,,,,,,,,
890,"8283,2864493,Andreas Asperl|Axel Kilian|Helmut Pottmann|Michael Hofer,,,,,,,,,,http://www.springer.com/architecture+%26+design/architecture/book/978-3-211-99765-9,,,978-3-211-99765-9,,books/daglib/0025842,2011-07-01,,,,""I-IV, 1-474"",Springer,,,,,,,,Architekturgeometrie.,,,2010",,,,,,,,,,,,,,,,,,,,,,,,,,,,,,,,,
1491,"6101,2862026,Kwong-Sak Leung|Man Leung Wong,,,,,,,,,,,,,978-0-7923-7746-7,,books/daglib/0008989,2019-07-22,,,,""I-XIV, 1-213"",Kluwer,,,,Genetic programming,,,,Data mining using grammar based genetic progammming and applications.,,3,2000",,,,,,,,,,,,,,,,,,,,,,,,,,,,,,,,,
1522,"10874,2867409,Daniel J. Costello Jr.|Shu Lin 0001,,,,,,,,,,,,,978-0-13-283796-5,,books/daglib/0068880,2020-09-10,,,,""I-XVI, 1-603"",Prentice Hall,,,,Prentice Hall computer applications in electrical engineering series,,,,Error control coding - fundamentals and applications.,,,1983",,,,,,,,,,,,,,,,,,,,,,,,,,,,,,,,,
372,"13841,2876146,Maxime Crochemore|Wojciech Rytter,,,,,,,,,,http://www-igm.univ-mlv.fr/~mac/REC/B1.html|http://www.mimuw.edu.pl/~rytter/BOOKS/text-algorithms.pdf,oa,,0-19-508609-0,,books/ox/CrochemoreR94,2020-03-12,,,,,Oxford University Press,,,,,,,,Text Algorithms,,,1994",,,,,,,,,,,,,,,,,,,,,,,,,,,,,,,,,
161,"3579,2855443,John A. Vince,,,,,,,,,,https://doi.org/10.1007/978-1-84996-023-6,,,978-1-84996-022-9|978-1-84996-023-6,,series/utcs/Vince10,2017-05-16,,,,""i-xv, 1-293"",Springer,,,,Undergraduate Topics in Computer Science,db/series/utcs/index.html,,,""Mathematics for Computer Graphics, Third Edition."",,,2010",,,,,,,,,,,,,,,,,,,,,,,,,,,,,,,,,
1769,"11207,2867779,Ivan A. Sag|Thomas Wasov,,,,,,,,,,,,,978-1-57586-160-9,,books/daglib/0000877,2019-07-22,,,,""I-XIII, 1-481"",CSLI Publications,,,,CSLI lecture notes series,,,,Syntactic theory - a formal introduction.,,92,1999",,,,,,,,,,,,,,,,,,,,,,,,,,,,,,,,,
386,"12775,2872439,Robert W. Sebesta,,,,,,,,,,,,,978-0-8053-7130-7,,books/daglib/0068974,2011-04-27,,,,""I-XIV, 1-569"",Addison-Wesley,,,,Benjamin/Cummings series in computer science,,,,Concepts of programming languages (2. ed.).,,,1993",,,,,,,,,,,,,,,,,,,,,,,,,,,,,,,,,
936,"11104,2867660,Thomas Schneider 0003,,0000-0001-8090-1316,,,,,,,,https://doi.org/10.1007/978-3-642-30042-4,,,978-3-642-30041-7,,books/daglib/0030112,2018-11-02,,,,""I-XVI, 1-138"",Springer,,,,,,,,""Engineering Secure Two-Party Computation Protocols - Design, Optimization, and Applications of Efficient Secure Function Evaluation."",,,2012",,,,,,,,,,,,,,,,,,,,,,,,,,,,,,,,,
1218,"3216,2853650,Egmont Foth,,,,,,,,,,https://doi.org/10.1007/978-3-662-53177-8,,,978-3-662-53176-1|978-3-662-53177-8,,series/xpert/Foth16,2017-05-16,,,,1-130,Springer,,,,Xpert.press,db/series/xpert/index.html,,,Erfolgsfaktoren für eine digitale Zukunft - IT-Management in Zeiten der Digitalisierung und Industrie 4.0,,,2016",,,,,,,,,,,,,,,,,,,,,,,,,,,,,,,,,
1915,"2227,2850665,Caroline A. Baillie|Emily Berrington|Eric Feinblatt|Thimothy Thamae,,,Needs and Feasibility: A Guide for Engineers in Community Projects,,,,,,,https://doi.org/10.2200/S00249ED1V01Y201001ETS013,,,,,series/synthesis/2010Baillie,2017-05-16,,,,,Morgan & Claypool Publishers,,,,""Synthesis Lectures on Engineers, Technology and Society"",db/series/synthesis/ets.html,,,Needs and Feasibility: A Guide for Engineers in Community Projects - The Case of Waste for Life,,,2010",,,,,,,,,,,,,,,,,,,,,,,,,,,,,,,,,
1287,"16336,2884659,Krunal N. Patel,,,,,,,,,,https://doi.org/10.1007/978-3-030-53911-5,,,978-3-030-53910-8,,books/sp/Patel21,2020-10-30,,,,1-85,Springer,,,,,,,,""Robust and Secured Digital Audio Watermarking - Studies in Speech Signal Processing, Natural Language Understanding, and Machine Learning"",,,2021",,,,,,,,,,,,,,,,,,,,,,,,,,,,,,,,,
1671,"17604,2890945,,,,Semantic Web Information Management,,,,,Fausto Giunchiglia|Letizia Tanca|Roberto De Virgilio,,,,,978-3-642-04328-4,,books/sp/Virgilio2009,2011-07-06,,,,,Springer,,,,,,,,Semantic Web Information Management - A Model-Based Perspective,db/books/collections/Virgilio2009.html,,2009",,,,,,,,,,,,,,,,,,,,,,,,,,,,,,,,,
1213,"8414,2864645,Clifford B. Jones,,,,,,,,,,,,,978-0-13-880725-2,,books/daglib/0068091,2011-04-14,,,,""I-XVI, 1-300"",Prentice Hall,,,,Prentice Hall International Series in Computer Science,,,,Systematic software development using VDM.,,,1986",,,,,,,,,,,,,,,,,,,,,,,,,,,,,,,,,
1165,"8917,2865209,Robert D. Tennent,,,,,,,,,,,,,978-0-13-805599-8,,books/daglib/0067039,2011-04-07,,,,""I-XXI, 1-236"",Prentice Hall,,,,Prentice Hall International Series in Computer Science,,,,Semantics of programming languages.,,,1991",,,,,,,,,,,,,,,,,,,,,,,,,,,,,,,,,
1389,"13901,2876455,,,,,,,,books/ios/Omelayenko03,Borys Omelayenko|Michel C. A. Klein,,,,,1-58603-325-5,,books/ios/Omelayenko03,2019-08-03,,,,,IOS Press,,,,Frontiers in Artificial Intelligence and Applications,,,,Knowledge Transformation for the Semantic Web,db/books/collections/omelayenkoK2003.html,95,2003",,,,,,,,,,,,,,,,,,,,,,,,,,,,,,,,,
902,"7596,2863712,Andy Duncan|Jared Still,,,,,,,,,,http://www.oreilly.de/catalog/perloracledba/index.html,,,978-0-596-00210-7,,books/daglib/0007007,2011-04-12,,,,""I-XVI, 1-602"",O'Reilly,,,,,,,,""Perl for Oracle DBAs - Perl scripts, applications and tips for database administrators."",,,2002",,,,,,,,,,,,,,,,,,,,,,,,,,,,,,,,,
1589,"17895,2892055,Kurt Mehlhorn,,,,,,,,,,http://www.mpi-sb.mpg.de/~mehlhorn/DatAlgbooks.html|https://doi.org/10.1007/978-3-642-69672-5|https://www.worldcat.org/oclc/310937425,,,0-387-13302-X|3-540-13302-X|978-3-642-69672-5|978-3-642-69674-9,,books/sp/Mehlhorn84,2020-07-17,,,,""I-XIV, 1-336"",Springer,,,,EATCS Monographs on Theoretical Computer Science,db/series/eatcs/index.html,,,Data Structures and Algorithms 1: Sorting and Searching,,1,1984",,,,,,,,,,,,,,,,,,,,,,,,,,,,,,,,,
969,"12602,2872246,Nan Guan,,0000-0003-3775-911X,,,,,,,,https://doi.org/10.1007/978-3-319-27198-9,,,978-3-319-27196-5,,books/daglib/0041246,2017-09-15,,,,""I-XIV, 1-235"",Springer,,,,,,,,Techniques for Building Timing-Predictable Embedded Systems.,,,2016",,,,,,,,,,,,,,,,,,,,,,,,,,,,,,,,,
1878,"10491,2866972,Rainer Erkens|Ulf Troppens,,,,,,,,,,,,,978-3-89864-135-7,,books/daglib/0007592,2011-04-15,,,,""I-XXVII, 1-385"",dpunkt.verlag,,,,,,,,""Speichernetze - Grundlagen und Einsatz von Fibre Channel SAN, NAS, iSCSI und InfiniBand."",,,2002",,,,,,,,,,,,,,,,,,,,,,,,,,,,,,,,,
1895,"16838,2887915,Karen Villaverde|Olga Kosheleva,,,,,,,,,,https://doi.org/10.1007/978-3-662-55993-2,,,978-3-662-55991-8|978-3-662-55993-2,,books/sp/KV2017,2017-11-21,,,,,Springer,,,,Studies in Computational Intelligence,db/series/sci/index.html,,,""How Interval and Fuzzy Techniques Can Improve Teaching - Processing Educational Data: From Traditional Statistical Techniques to an Appropriate Combination of Probabilistic, Interval, and Fuzzy Approaches"",,750,2018",,,,,,,,,,,,,,,,,,,,,,,,,,,,,,,,,
37,"1433,2849871,Allen B. MacKenzie|Luiz A. DaSilva,,0000-0003-4041-5609,Game Theory for Wireless Engineers,,,,,,,https://doi.org/10.2200/S00014ED1V01Y200508COM001,,,1598290169|1598290177,,series/synthesis/2006MacKenzie,2021-04-09,,,,1-86,Morgan & Claypool Publishers,,,,Synthesis Lectures on Communications,db/series/synthesis/com.html,,,Game Theory for Wireless Engineers,,,2006",,,,,,,,,,,,,,,,,,,,,,,,,,,,,,,,,
789,"8225,2864431,Wolfgang Reisig,,,,,,,,,,,,,978-3-486-20516-9,,books/daglib/0084830,2019-07-12,,,,1-96,Oldenbourg,,,,GMD-Bericht,,,,Das Verhalten verteilter Systeme.,,170,1987",,,,,,,,,,,,,,,,,,,,,,,,,,,,,,,,,
231,"10566,2867059,Klaus Mainzer,,,,,,,,,,,,,978-3-540-65465-0,,books/daglib/0097316,2011-04-20,,,,""I-VIII, 1-300"",Springer,,,,,,,,Computernetze und virtuelle Realität - Leben in der Wissensgesellschaft.,,,1999",,,,,,,,,,,,,,,,,,,,,,,,,,,,,,,,,
893,"2943,2853373,Qian Zhang 0001|Wei Wang 0050,,,,,,,,,,https://doi.org/10.1007/978-3-319-01943-7,,,978-3-319-01942-0,,series/sbcs/WangZ14,2017-09-18,,,,1-70,Springer,,,,Springer Briefs in Computer Science,db/series/sbcs/index.html,,,Location Privacy Preservation in Cognitive Radio Networks,,,2014",,,,,,,,,,,,,,,,,,,,,,,,,,,,,,,,,
1215,"6294,2862242,Henning Lobin,,,,,,,,,,,,,978-3-540-65356-1,,books/daglib/0099073,2011-04-18,,,,""I-XI, 1-234"",Springer,,,,,,,,Informationsmodellierung in XML und SGML.,,,2000",,,,,,,,,,,,,,,,,,,,,,,,,,,,,,,,,
870,"5742,2861625,Robert D. Ryan|Stéphane Jaffard|Yves Meyer,,,,,,,,,,,,,978-0-89871-448-7,,books/daglib/0004133,2011-04-12,,,,""I-XIII, 1-256"",SIAM,,,,,,,,Wavelets - tools for science and technology.,,,2001",,,,,,,,,,,,,,,,,,,,,,,,,,,,,,,,,
1259,"703,2845286,,,,Mining and Analyzing Social Networks,,,,,Hui-Ju Wu|I-Hsien Ting|Tien-Hwa Ho,,https://doi.org/10.1007/978-3-642-13422-7,,,978-3-642-13421-0,,series/sci/2010-288,2017-05-16,,,,,Springer,,,,Studies in Computational Intelligence,db/series/sci/index.html,,,Mining and Analyzing Social Networks,db/series/sci/sci288.html,288,2010",,,,,,,,,,,,,,,,,,,,,,,,,,,,,,,,,
361,"11646,2868270,Albrecht P. Ströle,,,,,,,,,,,,,978-3-8154-2314-1,,books/daglib/0092952,2019-07-22,,,,1-322,Teubner,,,,Teubner-Texte zur Informatik,,,,Entwurf selbsttestbarer Schaltungen.,,27,1998",,,,,,,,,,,,,,,,,,,,,,,,,,,,,,,,,
190,"8852,2865136,Kevin Dowd,,,,,,,,,,,,,978-1-56592-032-3,,books/daglib/0071933,2011-04-29,,,,""I-XXV, 1-371"",O'Reilly,,,,,,,,""High performance computing - RISC architectures, optimization and benchmarks."",,,1993",,,,,,,,,,,,,,,,,,,,,,,,,,,,,,,,,
987,"17627,2890982,Xue Liu|Yu Hua 0001,,,,,,,,,,https://doi.org/10.1007/978-981-13-2721-6,,,978-981-13-2720-9,,books/sp/HuaL19,2019-11-07,,,,1-204,Springer,,,,,,,,Searchable Storage in Cloud Computing,,,2019",,,,,,,,,,,,,,,,,,,,,,,,,,,,,,,,,
304,"18923,2897377,John K. Ousterhout,,,,,,,,,,,,,0-201-63337-X,,books/aw/Ousterhout94,2002-01-03,,,,,Addison-Wesley,,,,,,,,Tcl and the Tk Toolkit,,,1994",,,,,,,,,,,,,,,,,,,,,,,,,,,,,,,,,
1506,"10922,2867463,Jürgen Gulbins|Uwe Steinmüller,,,,,,,,,,,,,978-3-89864-351-1,,books/daglib/0014068,2011-04-01,,,,""I-VIII, 1-224"",dpunkt.verlag,,,,,,,,Die Kunst der RAW-Konvertierung - RAW-Files bearbeiten mit Adobe Photoshop CS2 und führenden RAW-Konvertern.,,,2005",,,,,,,,,,,,,,,,,,,,,,,,,,,,,,,,,
1643,"9017,2865316,Walter Glenn,,,,,,,,,,http://www.oreilly.de/catalog/wordpg/index.html,,,978-0-596-00445-3,,books/daglib/0007808,2011-02-03,,,,""I-VIII, 1-143"",O'Reilly,,,,,,,,Word - pocket guide: a compact reference for Microsoft Word.,,,2003",,,,,,,,,,,,,,,,,,,,,,,,,,,,,,,,,
447,"19031,6037665,,,,Scientific Visualization: Advanced Concepts,,,,,Hans Hagen,,,,,978-3-939897-19-4,,conf/dagstuhl/2010P10004,2014-07-18,,,,,""Schloss Dagstuhl - Leibniz-Zentrum fuer Informatik, Germany"",,,,Dagstuhl Follow-Ups,db/series/dfu/index.html,,,Scientific Visualization: Advanced Concepts,db/conf/dagstuhl/P10004.html,1,2010",,,,,,,,,,,,,,,,,,,,,,,,,,,,,,,,,
8,"14144,2878508,Jacques Fayolle,,,,,,,,,,https://tel.archives-ouvertes.fr/tel-00380993,,,,,books/hal/Fayolle07,2017-09-28,,,,,,,habil,""Jean Monnet University, Saint-Étienne, France"",,,,,De la recherche en traitement d'images à la recherche en systèmes d'informations en passant par l'enseignement à distance et le travail collaboratif.,,,2007",,,,,,,,,,,,,,,,,,,,,,,,,,,,,,,,,
1479,"10849,2867377,Michael Doob,,,,,,,,,,,,,978-3-540-56441-6,,books/daglib/0066454,2011-04-12,,,,""I-X, 1-114"",Springer,,,,,,,,TEX - starting from 1.,,,1993",,,,,,,,,,,,,,,,,,,,,,,,,,,,,,,,,
547,"10981,2867530,Uwe Schöning,,,,,,,,,,,,,978-3-86025-684-8,,books/daglib/0079185,2019-07-22,,,,1-207,Spektrum Akademischer Verlag,,,,Reihe Informatik,,,,""Logik für Informatiker, 4. Auflage."",,,1995",,,,,,,,,,,,,,,,,,,,,,,,,,,,,,,,,
1176,"5112,2860922,Hajo A. Reijers|Jan Mendling|Marcello La Rosa|Marlon Dumas,,,,,,,,,,http://fundamentals-of-bpm.org/|https://doi.org/10.1007/978-3-642-33143-5,,,978-3-642-33142-8,,books/daglib/0031128,2017-05-16,,,,""I-XXVII, 1-399"",Springer,,,,,,,,Fundamentals of Business Process Management.,,,2013",,,,,,,,,,,,,,,,,,,,,,,,,,,,,,,,,
325,"1296,2849639,,,,Designing Information Spaces,,,,,Alan J. Munro|David Benyon|Kristina Höök,0000-0002-0002-4825,https://doi.org/10.1007/978-1-4471-0035-5,,,978-1-85233-661-5,,series/cscw/2009spaces,2019-10-19,,,,,Springer,,,,Computer Supported Cooperative Work,db/series/cscw/index.html,,,Designing Information Spaces: The Social Navigation Approach,db/series/cscw/spaces2003.html,,2003",,,,,,,,,,,,,,,,,,,,,,,,,,,,,,,,,
1166,"16144,2882291,Rick Durrett,,,,,,,,,,https://doi.org/10.1017/CBO9780511779398|https://www.wikidata.org/entity/Q98835937,,,9780511779398,,books/cu/10/D2010,2020-12-25,,,,,Cambridge University Press,,,,,,,,""Probability: Theory and Examples, 4th Edition."",,,2010",,,,,,,,,,,,,,,,,,,,,,,,,,,,,,,,,
898,"9264,2865592,Yu-Cheng Liu,,,,,,,,,,,,,978-0-13-553108-2,,books/daglib/0068823,2011-04-19,,,,""I-XIV, 1-449"",Prentice Hall,,,,,,,,M68000 microprocessor family - fundamentals of assembly language programming and interface design.,,,1991",,,,,,,,,,,,,,,,,,,,,,,,,,,,,,,,,
301,"11994,2871563,Alfred Krüger,,,,,,,,,,,,,978-3-936931-27-3,,books/daglib/0015813,2019-07-09,,,,""I-XIII, 1-206"",Heise,,,,Telepolis,,,,Angriffe aus dem Netz - die neue Szene des digitalen Verbrechens.,,,2006",,,,,,,,,,,,,,,,,,,,,,,,,,,,,,,,,
1467,"4310,2860014,Myron W. Krueger,,,,,,,,,,,,,978-0-201-52260-0,,books/daglib/0072330,2011-04-19,,,,""I-XVII, 1-286"",Addison-Wesley,,,,,,,,Artificial reality II.,,,1991",,,,,,,,,,,,,,,,,,,,,,,,,,,,,,,,,
769,"8766,2865037,Franco Zambonelli|Marco Mamei,,,,,,,,,,https://doi.org/10.1007/3-540-27969-5,,,978-3-540-27968-6,,books/daglib/0015276,2019-07-09,,,,""I-XII, 1-241"",Springer,,,,Springer series on agent technology,,,,Field-based coordination for pervasive multiagent systems.,,,2006",,,,,,,,,,,,,,,,,,,,,,,,,,,,,,,,,
1633,"17709,2891176,Jorge Nocedal|Stephen J. Wright,,,,,,,,,,https://doi.org/10.1007/b98874,,,978-0-387-22742-9|978-0-387-98793-4,,books/sp/NocedalW99,2019-07-22,,,,1-634,Springer,,,,,,,,Numerical Optimization,,,1999",,,,,,,,,,,,,,,,,,,,,,,,,,,,,,,,,
480,"12089,2871667,Volker Turau,,,,,,,,,,,,,978-3-89864-131-9,,books/daglib/0004918,2019-07-22,,,,""I-XIV, 1-440"",dpunkt.verlag,,,,iX-Edition,,,,""Java Server Pages - dynamische Generierung von Web-Dokumenten, 2. Auflage."",,,2001",,,,,,,,,,,,,,,,,,,,,,,,,,,,,,,,,
60,"1891,2850329,Federico Desimoni|George Papastefanatos|Laura Po|Nikos Bikakis,,,Linked Data Visualization,,,,,,,https://doi.org/10.2200/S00967ED1V01Y201911WBE019,,,,,series/synthesis/2020Po,2021-04-08,,,,,Morgan & Claypool Publishers,,,,Synthesis Lectures on the Semantic Web,db/series/synthesis/wbe.html,,,""Linked Data Visualization: Techniques, Tools, and Big Data"",,,2020",,,,,,,,,,,,,,,,,,,,,,,,,,,,,,,,,
874,"8272,2864482,Nicholas Ayache,,,,,,,,,,,,,978-0-262-01124-2,,books/daglib/0066943,2011-04-07,,,,1-342,MIT Press,,,,,,,,Artificial vision for mobile robots - stereo vision and multisensory perception.,,,1991",,,,,,,,,,,,,,,,,,,,,,,,,,,,,,,,,
